path	@id	schema
/reportType	https://ogcincubator.github.io/bblocks-3d-csdm-reporting/def/cadastral-report/reportType	https://andrewhunter2066.github.io/bblocks-3d-csdm-reporting-clean/build/annotated/reporting/cadastral-report/schema.yaml
/stage	https://ogcincubator.github.io/bblocks-3d-csdm-reporting/def/cadastral-report/stage	https://andrewhunter2066.github.io/bblocks-3d-csdm-reporting-clean/build/annotated/reporting/cadastral-report/schema.yaml
/status	https://ogcincubator.github.io/bblocks-3d-csdm-reporting/def/cadastral-report/reportStatus	https://andrewhunter2066.github.io/bblocks-3d-csdm-reporting-clean/build/annotated/reporting/cadastral-report/schema.yaml
/statusSummary	https://ogcincubator.github.io/bblocks-3d-csdm-reporting/def/cadastral-report/statusSummary	https://andrewhunter2066.github.io/bblocks-3d-csdm-reporting-clean/build/annotated/reporting/cadastral-report/schema.yaml
/statusSummary/checks	https://ogcincubator.github.io/bblocks-3d-csdm-reporting/def/cadastral-report/checkCount	https://andrewhunter2066.github.io/bblocks-3d-csdm-reporting-clean/build/annotated/reporting/cadastral-report/schema.yaml
/statusSummary/failedErrors	https://ogcincubator.github.io/bblocks-3d-csdm-reporting/def/cadastral-report/failedErrors	https://andrewhunter2066.github.io/bblocks-3d-csdm-reporting-clean/build/annotated/reporting/cadastral-report/schema.yaml
/statusSummary/failedWarnings	https://ogcincubator.github.io/bblocks-3d-csdm-reporting/def/cadastral-report/failedWarnings	https://andrewhunter2066.github.io/bblocks-3d-csdm-reporting-clean/build/annotated/reporting/cadastral-report/schema.yaml
/statusSummary/unevaluatedErrors	https://ogcincubator.github.io/bblocks-3d-csdm-reporting/def/cadastral-report/unevaluatedErrors	https://andrewhunter2066.github.io/bblocks-3d-csdm-reporting-clean/build/annotated/reporting/cadastral-report/schema.yaml
/checks	https://ogcincubator.github.io/bblocks-3d-csdm-reporting/def/cadastral-report/check	https://andrewhunter2066.github.io/bblocks-3d-csdm-reporting-clean/build/annotated/reporting/cadastral-report/schema.yaml
/checks/id	http://purl.org/dc/terms/identifier	https://andrewhunter2066.github.io/bblocks-3d-csdm-reporting-clean/build/annotated/reporting/cadastral-report/schema.yaml
/checks/definedBy	https://ogcincubator.github.io/bblocks-3d-csdm-reporting/def/cadastral-report/definedBy	https://andrewhunter2066.github.io/bblocks-3d-csdm-reporting-clean/build/annotated/reporting/cadastral-report/schema.yaml
/checks/category	https://ogcincubator.github.io/bblocks-3d-csdm-reporting/def/cadastral-report/checkCategory	https://andrewhunter2066.github.io/bblocks-3d-csdm-reporting-clean/build/annotated/reporting/cadastral-report/schema.yaml
/checks/severity	http://www.w3.org/ns/shacl#resultSeverity	https://andrewhunter2066.github.io/bblocks-3d-csdm-reporting-clean/build/annotated/reporting/cadastral-report/schema.yaml
/checks/outcome	http://www.w3.org/ns/earl#outcome	https://andrewhunter2066.github.io/bblocks-3d-csdm-reporting-clean/build/annotated/reporting/cadastral-report/schema.yaml
/checks/message	http://purl.org/dc/terms/description	https://andrewhunter2066.github.io/bblocks-3d-csdm-reporting-clean/build/annotated/reporting/cadastral-report/schema.yaml
/checks/targets	https://ogcincubator.github.io/bblocks-3d-csdm-reporting/def/cadastral-report/target	https://andrewhunter2066.github.io/bblocks-3d-csdm-reporting-clean/build/annotated/reporting/cadastral-report/schema.yaml
/checks/evidence	https://ogcincubator.github.io/bblocks-3d-csdm-reporting/def/cadastral-report/evidence	https://andrewhunter2066.github.io/bblocks-3d-csdm-reporting-clean/build/annotated/reporting/cadastral-report/schema.yaml
/generatedBy	http://www.w3.org/ns/prov#wasGeneratedBy	https://andrewhunter2066.github.io/bblocks-3d-csdm-reporting-clean/build/annotated/reporting/cadastral-report/schema.yaml
/generatedBy/bblock	https://ogcincubator.github.io/bblocks-3d-csdm-reporting/def/cadastral-report/buildingBlock	https://andrewhunter2066.github.io/bblocks-3d-csdm-reporting-clean/build/annotated/reporting/cadastral-report/schema.yaml
/generatedBy/transform	https://ogcincubator.github.io/bblocks-3d-csdm-reporting/def/cadastral-report/transform	https://andrewhunter2066.github.io/bblocks-3d-csdm-reporting-clean/build/annotated/reporting/cadastral-report/schema.yaml
/subject	http://purl.org/dc/terms/subject	https://andrewhunter2066.github.io/bblocks-3d-csdm-reporting-clean/build/annotated/reporting/cadastral-report/schema.yaml
/subject/kind	https://ogcincubator.github.io/bblocks-3d-csdm-reporting/def/cadastral-report/kind	https://andrewhunter2066.github.io/bblocks-3d-csdm-reporting-clean/build/annotated/reporting/cadastral-report/schema.yaml
/subject/label	http://www.w3.org/2000/01/rdf-schema#label	https://andrewhunter2066.github.io/bblocks-3d-csdm-reporting-clean/build/annotated/reporting/cadastral-report/schema.yaml
/subject/ref	https://ogcincubator.github.io/bblocks-3d-csdm-reporting/def/cadastral-report/sourceRef	https://andrewhunter2066.github.io/bblocks-3d-csdm-reporting-clean/build/annotated/reporting/cadastral-report/schema.yaml
/subject/ref/dataset	https://ogcincubator.github.io/bblocks-3d-csdm-reporting/def/cadastral-report/sourceDataset	https://andrewhunter2066.github.io/bblocks-3d-csdm-reporting-clean/build/annotated/reporting/cadastral-report/schema.yaml
/subject/ref/pointer	https://ogcincubator.github.io/bblocks-3d-csdm-reporting/def/cadastral-report/jsonPointer	https://andrewhunter2066.github.io/bblocks-3d-csdm-reporting-clean/build/annotated/reporting/cadastral-report/schema.yaml
/subject/ref/id	https://ogcincubator.github.io/bblocks-3d-csdm-reporting/def/cadastral-report/sourceObject	https://andrewhunter2066.github.io/bblocks-3d-csdm-reporting-clean/build/annotated/reporting/cadastral-report/schema.yaml
/subject/ref/property	https://ogcincubator.github.io/bblocks-3d-csdm-reporting/def/cadastral-report/sourceProperty	https://andrewhunter2066.github.io/bblocks-3d-csdm-reporting-clean/build/annotated/reporting/cadastral-report/schema.yaml
/sources	http://purl.org/dc/terms/source	https://andrewhunter2066.github.io/bblocks-3d-csdm-reporting-clean/build/annotated/reporting/cadastral-report/schema.yaml
/sources/id	http://purl.org/dc/terms/identifier	https://andrewhunter2066.github.io/bblocks-3d-csdm-reporting-clean/build/annotated/reporting/cadastral-report/schema.yaml
/sources/kind	https://ogcincubator.github.io/bblocks-3d-csdm-reporting/def/cadastral-report/kind	https://andrewhunter2066.github.io/bblocks-3d-csdm-reporting-clean/build/annotated/reporting/cadastral-report/schema.yaml
/sources/name	http://www.w3.org/2000/01/rdf-schema#label	https://andrewhunter2066.github.io/bblocks-3d-csdm-reporting-clean/build/annotated/reporting/cadastral-report/schema.yaml
/sources/date	http://purl.org/dc/terms/date	https://andrewhunter2066.github.io/bblocks-3d-csdm-reporting-clean/build/annotated/reporting/cadastral-report/schema.yaml
/sources/conformsTo	http://purl.org/dc/terms/conformsTo	https://andrewhunter2066.github.io/bblocks-3d-csdm-reporting-clean/build/annotated/reporting/cadastral-report/schema.yaml
/documents	http://purl.org/dc/terms/references	https://andrewhunter2066.github.io/bblocks-3d-csdm-reporting-clean/build/annotated/reporting/cadastral-report/schema.yaml
/documents/id	http://purl.org/dc/terms/identifier	https://andrewhunter2066.github.io/bblocks-3d-csdm-reporting-clean/build/annotated/reporting/cadastral-report/schema.yaml
/documents/title	http://purl.org/dc/terms/title	https://andrewhunter2066.github.io/bblocks-3d-csdm-reporting-clean/build/annotated/reporting/cadastral-report/schema.yaml
/documents/href	https://schema.org/url	https://andrewhunter2066.github.io/bblocks-3d-csdm-reporting-clean/build/annotated/reporting/cadastral-report/schema.yaml
/documents/mediaType	http://purl.org/dc/terms/format	https://andrewhunter2066.github.io/bblocks-3d-csdm-reporting-clean/build/annotated/reporting/cadastral-report/schema.yaml
/documents/role	https://ogcincubator.github.io/bblocks-3d-csdm-reporting/def/cadastral-report/role	https://andrewhunter2066.github.io/bblocks-3d-csdm-reporting-clean/build/annotated/reporting/cadastral-report/schema.yaml
/documents/conformsTo	http://purl.org/dc/terms/conformsTo	https://andrewhunter2066.github.io/bblocks-3d-csdm-reporting-clean/build/annotated/reporting/cadastral-report/schema.yaml
/documents/sourceRef	https://ogcincubator.github.io/bblocks-3d-csdm-reporting/def/cadastral-report/sourceRef	https://andrewhunter2066.github.io/bblocks-3d-csdm-reporting-clean/build/annotated/reporting/cadastral-report/schema.yaml
/annotations	https://ogcincubator.github.io/bblocks-3d-csdm-reporting/def/cadastral-report/annotation	https://andrewhunter2066.github.io/bblocks-3d-csdm-reporting-clean/build/annotated/reporting/cadastral-report/schema.yaml
/annotations/id	http://purl.org/dc/terms/identifier	https://andrewhunter2066.github.io/bblocks-3d-csdm-reporting-clean/build/annotated/reporting/cadastral-report/schema.yaml
/annotations/role	https://ogcincubator.github.io/bblocks-3d-csdm-reporting/def/cadastral-report/role	https://andrewhunter2066.github.io/bblocks-3d-csdm-reporting-clean/build/annotated/reporting/cadastral-report/schema.yaml
/annotations/statement	http://purl.org/dc/terms/description	https://andrewhunter2066.github.io/bblocks-3d-csdm-reporting-clean/build/annotated/reporting/cadastral-report/schema.yaml
/annotations/href	https://schema.org/url	https://andrewhunter2066.github.io/bblocks-3d-csdm-reporting-clean/build/annotated/reporting/cadastral-report/schema.yaml
/annotations/rel	https://ogcincubator.github.io/bblocks-3d-csdm-reporting/def/cadastral-report/linkRelation	https://andrewhunter2066.github.io/bblocks-3d-csdm-reporting-clean/build/annotated/reporting/cadastral-report/schema.yaml
/annotations/documentRef	https://ogcincubator.github.io/bblocks-3d-csdm-reporting/def/cadastral-report/documentRef	https://andrewhunter2066.github.io/bblocks-3d-csdm-reporting-clean/build/annotated/reporting/cadastral-report/schema.yaml
/annotations/sourceRef	https://ogcincubator.github.io/bblocks-3d-csdm-reporting/def/cadastral-report/sourceRef	https://andrewhunter2066.github.io/bblocks-3d-csdm-reporting-clean/build/annotated/reporting/cadastral-report/schema.yaml
/content	https://ogcincubator.github.io/bblocks-3d-csdm-reporting/def/cadastral-report/content	https://andrewhunter2066.github.io/bblocks-3d-csdm-reporting-clean/build/annotated/reporting/cadastral-report/schema.yaml
/content/scheme	https://ogcincubator.github.io/bblocks-3d-csdm-reporting/def/scheme-composition/scheme	/github/workspace/build/annotated/reporting/reports/scheme-composition/schema.yaml
/content/scheme/schemeNumber	https://ogcincubator.github.io/bblocks-3d-csdm-reporting/def/scheme-composition/schemeNumber	/github/workspace/build/annotated/reporting/reports/scheme-composition/schema.yaml
/content/scheme/schemeNumber/_then/value	http://www.w3.org/1999/02/22-rdf-syntax-ns#value	https://andrewhunter2066.github.io/bblocks-3d-csdm-reporting-clean/build/annotated/reporting/cadastral-report/schema.yaml
/content/scheme/schemeNumber/_else/value	http://www.w3.org/1999/02/22-rdf-syntax-ns#value	https://andrewhunter2066.github.io/bblocks-3d-csdm-reporting-clean/build/annotated/reporting/cadastral-report/schema.yaml
/content/scheme/schemeNumber/_then/sourceRefs	https://ogcincubator.github.io/bblocks-3d-csdm-reporting/def/cadastral-report/sourceRef	https://andrewhunter2066.github.io/bblocks-3d-csdm-reporting-clean/build/annotated/reporting/cadastral-report/schema.yaml
/content/scheme/schemeNumber/value	http://www.w3.org/1999/02/22-rdf-syntax-ns#value	/github/workspace/build/annotated/reporting/reports/scheme-composition/schema.yaml
/content/scheme/schemeNumber/status	https://ogcincubator.github.io/bblocks-3d-csdm-reporting/def/cadastral-report/reportStatus	https://andrewhunter2066.github.io/bblocks-3d-csdm-reporting-clean/build/annotated/reporting/cadastral-report/schema.yaml
/content/scheme/schemeNumber/sourceRefs	https://ogcincubator.github.io/bblocks-3d-csdm-reporting/def/cadastral-report/sourceRef	https://andrewhunter2066.github.io/bblocks-3d-csdm-reporting-clean/build/annotated/reporting/cadastral-report/schema.yaml
/content/scheme/schemeNumber/derivation	https://ogcincubator.github.io/bblocks-3d-csdm-reporting/def/cadastral-report/derivation	https://andrewhunter2066.github.io/bblocks-3d-csdm-reporting-clean/build/annotated/reporting/cadastral-report/schema.yaml
/content/scheme/schemeNumber/derivation/method	https://ogcincubator.github.io/bblocks-3d-csdm-reporting/def/cadastral-report/derivationMethod	https://andrewhunter2066.github.io/bblocks-3d-csdm-reporting-clean/build/annotated/reporting/cadastral-report/schema.yaml
/content/scheme/schemeNumber/derivation/inputs	https://ogcincubator.github.io/bblocks-3d-csdm-reporting/def/cadastral-report/derivationInput	https://andrewhunter2066.github.io/bblocks-3d-csdm-reporting-clean/build/annotated/reporting/cadastral-report/schema.yaml
/content/scheme/schemeNumber/documentRef	https://ogcincubator.github.io/bblocks-3d-csdm-reporting/def/cadastral-report/documentRef	https://andrewhunter2066.github.io/bblocks-3d-csdm-reporting-clean/build/annotated/reporting/cadastral-report/schema.yaml
/content/scheme/schemeNumber/lexicalValue	https://ogcincubator.github.io/bblocks-3d-csdm-reporting/def/cadastral-report/lexicalValue	https://andrewhunter2066.github.io/bblocks-3d-csdm-reporting-clean/build/annotated/reporting/cadastral-report/schema.yaml
/content/scheme/schemeNumber/note	http://www.w3.org/2000/01/rdf-schema#comment	https://andrewhunter2066.github.io/bblocks-3d-csdm-reporting-clean/build/annotated/reporting/cadastral-report/schema.yaml
/content/scheme/ref	https://ogcincubator.github.io/bblocks-3d-csdm-reporting/def/cadastral-report/sourceRef	/github/workspace/build/annotated/reporting/reports/scheme-composition/schema.yaml
/content/scheme/ref/dataset	https://ogcincubator.github.io/bblocks-3d-csdm-reporting/def/cadastral-report/sourceDataset	https://andrewhunter2066.github.io/bblocks-3d-csdm-reporting-clean/build/annotated/reporting/cadastral-report/schema.yaml
/content/scheme/ref/pointer	https://ogcincubator.github.io/bblocks-3d-csdm-reporting/def/cadastral-report/jsonPointer	https://andrewhunter2066.github.io/bblocks-3d-csdm-reporting-clean/build/annotated/reporting/cadastral-report/schema.yaml
/content/scheme/ref/id	https://ogcincubator.github.io/bblocks-3d-csdm-reporting/def/cadastral-report/sourceObject	https://andrewhunter2066.github.io/bblocks-3d-csdm-reporting-clean/build/annotated/reporting/cadastral-report/schema.yaml
/content/scheme/ref/property	https://ogcincubator.github.io/bblocks-3d-csdm-reporting/def/cadastral-report/sourceProperty	https://andrewhunter2066.github.io/bblocks-3d-csdm-reporting-clean/build/annotated/reporting/cadastral-report/schema.yaml
/content/members	https://ogcincubator.github.io/bblocks-3d-csdm-reporting/def/scheme-composition/member	/github/workspace/build/annotated/reporting/reports/scheme-composition/schema.yaml
/content/members/ref	https://ogcincubator.github.io/bblocks-3d-csdm-reporting/def/cadastral-report/sourceRef	/github/workspace/build/annotated/reporting/reports/scheme-composition/schema.yaml
/content/members/lotNumber	https://ogcincubator.github.io/bblocks-3d-csdm-reporting/def/scheme-composition/lotNumber	/github/workspace/build/annotated/reporting/reports/scheme-composition/schema.yaml
/content/members/membershipEvidence	https://ogcincubator.github.io/bblocks-3d-csdm-reporting/def/scheme-composition/membershipEvidence	/github/workspace/build/annotated/reporting/reports/scheme-composition/schema.yaml
/content/members/geometryType	https://ogcincubator.github.io/bblocks-3d-csdm-reporting/def/scheme-composition/geometryType	/github/workspace/build/annotated/reporting/reports/scheme-composition/schema.yaml
/content/members/representationStatus	https://ogcincubator.github.io/bblocks-3d-csdm-reporting/def/scheme-composition/representationStatus	/github/workspace/build/annotated/reporting/reports/scheme-composition/schema.yaml
/content/members/components	https://ogcincubator.github.io/bblocks-3d-csdm-reporting/def/scheme-composition/component	/github/workspace/build/annotated/reporting/reports/scheme-composition/schema.yaml
/content/members/components/ref	https://ogcincubator.github.io/bblocks-3d-csdm-reporting/def/cadastral-report/sourceRef	/github/workspace/build/annotated/reporting/reports/scheme-composition/schema.yaml
/content/members/components/found	https://ogcincubator.github.io/bblocks-3d-csdm-reporting/def/scheme-composition/componentFound	/github/workspace/build/annotated/reporting/reports/scheme-composition/schema.yaml
/content/members/spatiallyResolved	https://ogcincubator.github.io/bblocks-3d-csdm-reporting/def/scheme-composition/spatiallyResolved	/github/workspace/build/annotated/reporting/reports/scheme-composition/schema.yaml
/content/members/spatiallyResolved/status		/github/workspace/build/annotated/reporting/reports/scheme-composition/schema.yaml
/content/members/spatiallyResolved/value	http://www.w3.org/1999/02/22-rdf-syntax-ns#value	/github/workspace/build/annotated/reporting/reports/scheme-composition/schema.yaml
/content/summary	https://ogcincubator.github.io/bblocks-3d-csdm-reporting/def/scheme-composition/summary	/github/workspace/build/annotated/reporting/reports/scheme-composition/schema.yaml
/content/summary/memberParcelCount	https://ogcincubator.github.io/bblocks-3d-csdm-reporting/def/scheme-composition/memberParcelCount	/github/workspace/build/annotated/reporting/reports/scheme-composition/schema.yaml
/content/summary/memberParcelCount/status		/github/workspace/build/annotated/reporting/reports/scheme-composition/schema.yaml
/content/summary/memberParcelCount/value	http://www.w3.org/1999/02/22-rdf-syntax-ns#value	/github/workspace/build/annotated/reporting/reports/scheme-composition/schema.yaml
/content/summary/geometryTypes	https://ogcincubator.github.io/bblocks-3d-csdm-reporting/def/scheme-composition/geometryTypes	/github/workspace/build/annotated/reporting/reports/scheme-composition/schema.yaml
/content/summary/geometryTypes/status		/github/workspace/build/annotated/reporting/reports/scheme-composition/schema.yaml
/content/summary/geometryTypes/value	http://www.w3.org/1999/02/22-rdf-syntax-ns#value	/github/workspace/build/annotated/reporting/reports/scheme-composition/schema.yaml
/content/summary/memberRepresentationStatuses	https://ogcincubator.github.io/bblocks-3d-csdm-reporting/def/scheme-composition/memberRepresentationStatuses	/github/workspace/build/annotated/reporting/reports/scheme-composition/schema.yaml
/content/summary/allMemberParcelsSpatiallyResolved	https://ogcincubator.github.io/bblocks-3d-csdm-reporting/def/scheme-composition/allMemberParcelsSpatiallyResolved	/github/workspace/build/annotated/reporting/reports/scheme-composition/schema.yaml
/_then/content		/github/workspace/build/annotated/reporting/reports/scheme-composition/schema.yaml
/_then/content/members	https://ogcincubator.github.io/bblocks-3d-csdm-reporting/def/scheme-composition/member	/github/workspace/build/annotated/reporting/reports/scheme-composition/schema.yaml
/_else/content		/github/workspace/build/annotated/reporting/reports/scheme-composition/schema.yaml
/_else/content/members	https://ogcincubator.github.io/bblocks-3d-csdm-reporting/def/scheme-composition/member	/github/workspace/build/annotated/reporting/reports/scheme-composition/schema.yaml
